<?xml version="1.0" encoding="UTF-8"?>
<!DOCTYPE suite SYSTEM "http://testng.org/testng-1.0.dtd">
<suite name="Suite">
  <test thread-count="5" name="Test1">
  <groups>
  	<run>
  	<include name="openBrowser"></include>
  	<include name="login"></include>
  	</run>
  </groups>
    <classes>
      <class name="com.mindtree.testScripts.ExecuteScript1"/>
      </classes>
    </test> 
    <test thread-count="5" name="Test2">
    <classes>
      <class name="com.mindtree.testScripts.ExecuteScript2"/>
      </classes>
    </test>
    <test thread-count="5" name="Test3">
    <classes>
      <class name="com.mindtree.testScripts.ExecuteScript3"/>
      </classes>
    </test>
    <test thread-count="5" name="Test4">
    <classes>
      <class name="com.mindtree.testScripts.ExecuteScript4"/>
      </classes>
    </test>
    <test thread-count="5" name="Test5">
    <classes>
      <class name="com.mindtree.testScripts.ExecuteScript5"/>
      </classes>
    </test>
    <test thread-count="5" name="Test6">
    <classes>
      <class name="com.mindtree.testScripts.ExecuteScript6"/>
      </classes>
    </test>
    <test thread-count="5" name="Test7">
    <classes>
      <class name="com.mindtree.testScripts.ExecuteScript7"/>
      </classes>
    </test>
     
</suite> 
